index,n,mean,min,max,var
0,100,4.308485,4.287005,4.324708,0.000170
1,200,10.156780,9.911498,10.747272,0.090331
2,300,19.567937,15.882218,27.221778,16.318133
3,400,22.331563,21.812265,23.396530,0.314617
4,500,30.950983,28.795571,34.631300,4.063425
5,600,36.789270,35.642475,38.671225,1.007763
6,700,47.594111,43.356492,50.060346,5.547414
7,800,56.236102,49.528498,66.923011,38.305580
8,900,62.014885,58.860924,68.481952,12.228341
9,1000,68.648657,65.568553,76.395454,16.920649
